0,1.92e-05,8.85e-05,0,0,0,0,0,0,0.00013194,0,0,0.00062327,0.0012341,0.017543,0,0,0,0.0028148,0,0,0,0,0,0,0,0,0,0.099903,0.50315,0.001568,0,0,0.0014047,0,0,0.073425,0.12277,0.032806,0.00068187,0.006227,0.11721,0,0.00035524,0,0.0012071,0.001085,0,0,0.0015845,0,0,0,0,0.0041313,0,4.91e-05,0,0,0,6.22e-05,0,0,0,0,0,0,0,0,0,0,0.00038613,0,0,0.00030805,0.23491,4.01e-05,0.15361,0.045858,0.001422,3.1e-05,0.0017571,0,0,0,0,0,0,0.17151,0,0,0,0,0,0,0,0,0,0,0,0,0,5e-05,0,0,0,0,0,0,0,0,0.00014762,0.00030069,0,0,0
0,0,0.37773,0,0,0,0,0,0,0,0.00059032,0,0.0047382,0.0013368,0,0,0,0,0,0,0,0,0,0,0.084477,0.27461,0,0,0,0,0.018733,0.30027,0,0.088719,0,0,0,0,0,0.0031725,0,0.0007256,0,5.73e-05,0.029608,0.003139,0.01608,0.073969,0,0.0045624,0,0,0,0,0.0038309,0.011389,0.017817,0,0,0,8.92e-05,0,0,0,0,0,0,0,0,0,0,0,0,0,0.00010483,0,0,0,0.0005637,0.00064033,0.00071438,0.016473,0,0,0,0,0,0,0.00060765,0,0,0,0,0,0,0.044794,0,0,0,0,0,0,0.033933,0,0,0,0,0,0,0,0.0001469,0,0,0,0,0
0,0.061765,0,0,0,0,0,0,0,0,0.0082645,0,0.012819,0.00064363,0,0,0,0,3.67e-05,0,0,0,0,0,0.0064322,0.044133,0,0,0,0,0.0060243,0.0041765,0,0.025047,0,0,0,0,0,0.0040017,0.00019577,0.00024187,0,0.0004813,0.021597,0.0014224,0.0089528,0.039015,0,0.0047534,0,0,0,0,0,0,0.00052986,0,0,0,0,0,0,0,0,0,0,0,0,8.85e-05,0,0.00019306,0,0,0.00012782,0,0,0,7.92e-05,0.00041182,0.0037873,0.00076872,0,0,0,0,0,0,0,0,0,0,0,0,0,0.031526,0.00012284,0,0,0,0,0,0.0011523,0,0,0,0,0,0,0,0.00017381,0,0,0,0,0
0,0.022644,0.026994,0,0,0,0,0,0,0.00013194,0,0,0.0013754,0.0011366,0,0,0,0,0.00069658,0,0,0,0,0,0.0066467,0.00039243,0,0,0,1.23e-05,0.062224,0.00028306,0,0.031957,0,0,0,0,5.96e-05,0.0014878,0.0056985,0.0043712,0,0.0020344,0.0059022,0.01082,0.0093577,0.0026481,0,0.0086163,0,0,0,0,0,0.00022331,0.0023764,0,0,0,4.27e-05,0,0,0,0,0,0,0,0,0,0,0.0007079,0,0,0.00012782,0,0,0.0031396,0.00035655,0.00083152,0.00039414,0.0017571,0,0,0,0,0,0,0.00035285,0,0,0,0,0,0,0.0071889,0.00028663,0,0,0,0,0,0.0032514,0,0,0,0,0,0,0,0.0010012,0.00022143,0,0,0,0
0,0.026493,0.033499,0,0,0,0,0,0,0,0.00059032,0,0.00056392,0.00028009,0,0,0,0,0.00025664,0,0,0,0,0,0.018868,0.010203,0,0,0,0,0.0036724,0.00037057,0,0.0048556,0,0,0,0,0,0.00080429,8.66e-05,0.00051554,0,0.000424,0.001638,0.00096426,0.0065403,0.024009,0,0.0012102,0,0,0,0,7.87e-05,0.00066994,0.0014512,0,0,0,6.59e-05,0,0,0,0,0,0,0,0,0,0,0.00083661,0,0,2.3e-05,0,0,0.00026801,0.00084101,0.00031008,0.00042275,0.013288,0,0,0,0,0,0,0.00044634,0,0,0,0,0,0,0.02379,0,0,0,0,0,0,0.0077352,0,0,0,0,0,0,0,2.67e-05,0,0,0,0,0
0,0.0011104,0.0049562,0,0,0,0,0,0,0,0,0,0,0,0,0,0,0,0,0,0,0,0,0,0.00021441,0.0049808,0,0,0,0,0,0,0,0,0,0,0,0,0,0,0,0,0,0,0,0,5.58e-05,0.0015888,0,0,0,0,0,0,0,0,4.78e-05,0,0,0,0,0,0,0,0,0,0,0,0,0,0.00076628,0,0,0,0,0,0,3.83e-05,0,0,0,0.00054909,0,0,0,0,0,0,0,0,0,0,0,0,0,0.0038545,0,0,0,0,0,0,0.0002156,0,0,0,0,0,0,0,0,0,0,0,0,0
0,0.029881,0.022347,0,0,0,0,0,0,0,0,0,0,6.34e-06,0,0,0,0,0,0,0,0,0,0,0.0015009,0.022701,0,0,0,0,0.00024758,6.25e-05,0,9.37e-05,0,0,0,0,0,2.79e-05,0,0,0,0,0,0,0.0016953,0.0022067,0,3.53e-05,0,0,0,0,0,0,0,0,0,0,0,0,0,0,0,0,0,0,0,0,0,0,0,0,0,0,0,0,0,4.59e-06,0,0.00010982,0,0,0,0,0,0,0,0,0,0,0,0,0,0.0020473,0,0,0,0,0,0,1.51e-05,0,0,0,0,0,0,0,0,0,0,0,0,0
0,0.0012967,0.0030091,0,0,0,0,0,0,0,0,0,0,0,0,0,0,0,0,0,0,0,0,0,0.0070755,0.025598,0,0,0,0,0,0,0,0,0,0,0,0,0,0,0,0,0,0,0,1.47e-05,0.00010502,0,0,0,0,0,0,0,0,0,0,0,0,0,0,0,0,0,0,0,0,0,0,0,0,0,0,0,0,0,0,0,0,0,0,0,0,0,0,0,0,0,0,0,0,0,0,0,0,0.00016317,0,0,0,0,0,0,5e-05,0,0,0,0,0,0,0,0,0,0,0,0,0
0,0.061059,0.042659,0,0,0,0,0,0,0,0,0,2.97e-05,6.34e-06,0,0,0,0,0,0,0,0,0,0,0.098842,0.31497,0,0,0,1.23e-05,4.13e-05,0.00020822,0,7.61e-05,0,0,0,0,0,2.79e-05,0,0,0,0,0,0,0.001164,0.0022067,0,2.05e-05,0,0,0,0,0,0,7.57e-05,0,0,0,0,0,0,0,0,0,0,0,0,0,0,0,0,0,0.00010483,0,0,0,0,0,0,0.00010982,0,0,0,0,0,0,0,0,0,0,0,0,0,0.0066487,0,0,0,0,0,0,0.00031613,0,0,0,0,0,0,0,0,0,0,0,0,0
0,0,0,0,0,0,0,0,0,0,0.0053129,0,0.014345,0.00046407,0,0,0,0,0,0,0,0,0,0,0,0,0,0,0,0,0.0014442,0,0,0.0083144,0,0,0,0,0,0.0010336,0,0,0,0.0010314,0,0.0065105,0,0,0,0.0015318,0,0,0,0,0,0,0,0,0,0,0,0,0,0,0,0,0,0,0,0.050992,0.012261,0.00025742,0,0,0.021108,0,0,0,0,0.0019143,0.00055783,0,0,0,0,0,0,0,0,0,0,0,0,0,0,0,0.00077799,0,0,0,0,0,0,0,0,0,0.030566,0.046121,0,0.053861,0.013448,0.010286,0.0080676,0.026757,0,0
0,0,0,0,0,0,0,0,0,0,0,0,0.027425,0.041169,0,0,0,0,0,0,0,0,0,0,0,0,0,0,3.34e-05,0,0,0.0025819,0,0.0013279,0,0,5.84e-05,0,0,0.007357,0,0.00098601,0,0.0035989,0.0055822,0.014234,0.00095542,0,0,0.0035996,0,0,0,0,0.00039345,0,0.00072629,0,0,0,0,0,0,0,0,0,0,0,0,0.015564,0,0.030246,0,0,0.0091882,0,0.037241,0,0.004196,0.020928,0.19997,0,0,0,0,0,0,0,0.00013824,0,0,0,0,0,0,0.00015861,0,0,0,0,0,0,0.0080667,0,0,0,0.016608,0.014472,0,0.0089472,0.016751,9.19e-05,0.046745,0.0079649,0,0
0,0.0019476,0.0048677,0,0,0,0,0,0,0,0.366,0,0.055535,0.0084443,0,0,0,0,0,0,0,0,0,0,0.00021441,0.00042262,0,0,0,0,0,0.0083617,0,0.0023128,0,0,0,0,0,0.0014754,0,0,0,4.58e-05,0.0057053,0.00088844,0.0046171,0.0015888,0,5.58e-05,0,0,0,0,0.0024394,0,0.0057433,0,0,0,0,0,0,0,0,0,0,0,0,0.049153,0,0.010168,0,0,0.002659,0,0,0,0,0.014118,0.082239,0,0,0,0,0,0,0,0,0,0,0,0,0,0,0.0022182,0,0,0,0,0,0,0.022952,0,0,0,0.00044306,0.00056903,0,7.46e-05,2.67e-05,0,0.0092969,0.00019059,0,0
0.00086017,0.0039883,0.0017701,0,0,0,0,0,0,0.00013194,0.015348,0,0,0.14479,0.069834,0,0,0,0.025786,0,0,0,0,0,0,0.00012075,0,0,0.0014776,0,4.13e-05,0.033512,0,0.0043975,0,0,0.0057023,0.00042481,0.0047762,0.018849,0.012972,0.0015653,0,0.0023492,0.078637,0.00054768,0.02908,0.04078,0,0.00070221,0,0,0,0,0.0048198,0,0.0095981,0,0,0,1.95e-05,0,0,0,0,0,0,0,0,0.02573,0,0.0030246,0,0,0.0024219,0.0048405,8.03e-05,0.00026801,0.014127,0.0071736,0.077957,0.00065891,0,0,0,0,0,0,0.013991,0,0,0,0,0,0,0.0020689,0,0,0,0,0,0,0.022165,0,0,0,0,0.00021064,0,0.00013539,2.67e-05,7.38e-05,0,0.00015835,0,0
0.00057345,0.00033858,0.00066378,0,0,0,0,0,0,0,0.059622,0,0.14672,0,0.23838,0,0,0,0.07499,0,0,0,0,0,0,6.04e-05,0,0,0.011849,0,0.00016505,0.0088826,0,0.0033495,0,0,0.029539,0,0.016019,0.076594,0.0089843,0.0030349,0,0.010212,0.11077,0.0024365,0.0071905,0.0010592,0,0.0010308,0,0,0,0,0.0014558,0,0.0014103,0,0,0,1.95e-05,0,0,0,0,0,0,0,0,0.0014393,0,0.0016089,0,0,0.0025222,0.0051253,0.0067418,0,0.049138,0.0074381,0.1369,0,0,0,0,0,0,0,0.029397,0,0,0,0,0,0,4.34e-05,0,0,0,0,0,0,0.0079975,0,0,0,0,4.62e-06,0,0,0,0,0.00049639,0,0,0
0.00041416,0,4.43e-05,0,0,0,0,0,0,0,0,0,0.00084768,0.004141,0,0,0,0,0.06975,0,0,0,0,0,0,0,0,0,0.0089461,0,0.00070146,8.33e-05,0,0,0,0,0.018125,0,0.0016969,0.00046841,0.0028478,0,0,0.00072195,0.00014197,9.36e-05,0.00014141,0,0,0,0,0,0,0,5.9e-05,0,0,0,0,0,0,0,0,0,0,0,0,0,0,0,0,0,0,0,0,0.029613,0,0,0.0005637,0,3.1e-05,0,0,0,0,0,0,0,0.007788,0,0,0,0,0,0,0,0,0,0,0,0,0,6.02e-05,0,0,0,0,0,0,0,0,0,0,0,0,0
0,0.0004904,0.0052217,0,0,0,0,0,0,0,0,0,0.00023744,0.00015008,0,0,0,0,0.00047661,0,0,0,0,0,0.035806,0.0012377,0,0,0,0,0.00024758,0.00012493,0,0.00026689,0,0,3.1e-05,0,0,0.0011127,0.00035003,0,0,0.00067611,0.00049056,8.96e-05,0.019825,0.017212,0,0.00079328,0,0,0,0,1.97e-05,0,0,0,0,0,0,0,0,0,0,0,0,0,0,8.85e-05,0,0,0,0,0.00049193,0,0,0.0016081,0.0002377,0.00092747,0,0.00010982,0,0,0,0,0,0,5.53e-05,0,0,0,0,0,0,0.0058528,4.09e-05,0,0,0,0,0,0.00047586,0,0,0,0,0,0,0,5.34e-05,0,0,0,0,0
0.0030903,0.00096464,0.0029206,0,0,0,0,0,0,0,0,0,8.9e-05,0.0017012,0.0035388,0,0,0,0.021573,0,0,0,0,0,0.019082,0.00012075,0,0,0.002734,0.0001455,0.00012379,0.00012493,0,0.00018527,0,0,0.0037145,0.00042481,0.0056754,0.002301,0.037414,0.00058139,0,0.0025157,0.00049056,0.00022191,0.072736,0.0090034,0,0,0,0,0,0,3.93e-05,0,0,0,0,0,0,0,0,0,0,0,0,0,0,0,0,0,0,0,0.00027218,0.00028474,8.03e-05,0.0020675,0.0024925,0.00098647,3.1e-05,0.00032945,0,0,0,0,0,0,0.0032797,0,0,0,0,0,0,0.0016638,0,0,0,0,0,0,0.00057588,0,0,0,0,0,0,0,5.34e-05,7.38e-05,0,0,0,0
0.0012425,6.38e-05,0.00057527,0,0,0,0,0,0,0,0,0,0.00020776,0.0036731,0.0033505,0,0,0,0.030243,0,0,0,0,0,0.00021441,0,0,0,0.0037354,9.87e-05,0.00061894,0,0,0.00036247,0,0,0.011368,0.0042481,0.0076656,0.0032252,0.1323,0.0011336,0,0.0009801,0.0021941,8.96e-05,0.11248,0.0010592,0,5.58e-05,0,0,0,0,0,0,0,0,0,0,0,0,0,0,0,0,0,0,0,0,0,0,0,0,0,0.00028474,0,0.00019144,3.96e-05,6.43e-05,0,0,0,0,0,0,0,0,0.0051321,0,0,0,0,0,0,0.00013009,0,0,0,0,0,0,6.51e-05,0,0,0,0,0,0,0,0,0,0,0,0,0
0.00031858,4.49e-05,0,0,0,0,0,0,0,0,0,0,2.97e-05,0.0047826,0.044122,0,0,0,0,0,0,0,0,0,0,0,0,0,0.016001,0,0,0,0,2.93e-05,0,0,0.089529,0,0.01667,0.0014438,0.11091,0.0012855,0,0.00011459,0.0032769,0,0.016546,0.00017654,0,0,0,0,0,0,0,0,0,0,0,0,0,0,0,0,0,0,0,0,0,0,0,0,0,0,0,0.0074032,0,0,0,9.18e-06,0,0.00010982,0,0,0,0,0,0,0.005429,0,0,0,0,0,0,0,0,0,0,0,0,0,5e-05,0,0,0,0,0,0,0,0,0,0,0,0,0
0,0.0045236,0.00053102,0,0,0,0,0,0,0,0,0,0,0,0,0,0,0,0,0,0,0,0,0,0.051244,0.083255,0,0,0,0,0,0,0,0,0,0,0,0,0,0,0,0,0,0,0,0,0.00042855,0.00070615,0,0,0,0,0,0,1.97e-05,0,2.52e-05,0,0,0,0,0,0,0,0,0,0,0,0,0,0,0,0,0,0,0,0,0,0,4.7e-06,0,0,0,0,0,0,0,0,0,0,0,0,0,0,0,0.00088201,0,0,0,0,0,0,6.51e-05,0,0,0,0,0,0,0,0,0,0,0,0,0
0.00044602,0.0078033,0.01062,0,0,0,0,0,0,0,0.090319,0,0.07101,0.011946,0.00033882,0,0,0,0.00024369,0,0,0,0,0,0.0072899,0.00018112,0,0,0,0,0.00094904,0.0039227,0,0.038716,0,0,7.79e-05,0,5.96e-05,0.0088442,0.00042053,9.54e-05,0,0.0003667,0.015354,0.001809,0.0037799,0.035484,0,0.022124,0,0,0,0,0.00019673,0,0.00030007,0,0,0,0,0,0,0,0,0,0,0,0,0.054627,0,0,0,0,0.0058018,0,0,0.0013784,0.025668,0.016811,0.061418,0,0,0,0,0,0,0,0.00010204,0,0,0,0,0,0,0.0013877,0,0,0,0,0,0,0.0017407,0,0,0,2.2e-05,0,0,0.00054157,0.00013345,0,0,0,0,0
0,0.0021011,0.0095584,0,0,0,0,0,0,0.00039583,0.032468,0,0.057973,0.01167,0.00063999,0,0,0,0.0017468,0,0,0,0,0,0.0023585,0.00015093,0,0,0,0,0.00045389,0.0020822,0,0.024472,0,0,0.0002063,0,0.00010813,0.018536,0.0003403,0.00045193,0,0.0052268,0.016489,0.0043487,0.014357,0.02754,0,0.0075859,0,0,0,0,0.00055083,0,0.00015139,0,0,0,0,0,0,0,0,0,0,0,0,0.024596,0,0.00051483,0,0,0.0072168,0,0,0.0032545,0.020015,0.017962,0.040793,0,0,0,0,0,0,0,8.29e-05,0,0,0,0,0,0,0.00451,0,0,0,0,0,0,0.00034522,0,0,0,0,0,0,0.00094774,0.00015004,0,0,0,0,0
0.00012743,0.003434,0.013054,0,0,0,0,0,0,0.0013194,0.041322,0,0.1675,0.038996,0.0031246,0,0,0,0.0086027,0,0,0,0,0,0.009434,0.00054336,0,0,0.0003241,0,0.00057768,0.0065209,0,0.0055324,0,0,0.00039348,0,0.00081115,0.02079,0.0013029,0.00030548,0,0.0031803,0.015197,0.0020817,0.03526,0.057993,0,0.0014594,0,0,0,0,0.0035607,0,0.0028362,0,0,0,0,0,0,0,0,0,0,0,0,0.016734,0,0.0038613,0,0,0.0055795,0,0,0.0024504,0.030599,0.0092135,0.089652,0.00021964,0,0,0,0,0,0,0.0017286,0,0,0,0,0,0,0.011105,8.19e-05,0,0,0,0,0,0.0049632,0,0,0,0,0.00010994,0,0.0012185,0.00032028,0,9.49e-05,0,0,0
0.0046832,2.25e-05,8.85e-05,0,0,0,0,0,0,0,0,0,0.019203,0.1394,0.020291,0,0,0,0.016412,0,0,0,0,0,0,0,0,0,0.0040036,0,0,0,0,0.00019719,0,0,0.022143,0.00042481,0.047072,0.051842,0.013992,0.0037708,0,0.013233,0.0073307,0.00095146,0.00038082,0,0,0.0029825,0,0,0,0,0.00015738,0,0,0,0,0,0,0,0,0,0,0,0,0,0,0.00017705,0,0.0023811,0,0,0.0020902,0.0085421,0.021831,3.83e-05,0.048884,0.0055474,0.00057293,0,0,0,0,0,0,0,0.04381,0,0,0,0,0,0,0,0,0,0,0,0,0,5e-05,0,0,0,0,0.00021834,0,0.00029824,4.33e-05,0,0.00045344,0,0,0
0,0.078347,0.050624,0,0,0,0,0,0,0,0,0,0.0010388,0.00014814,0,0,0,0,7.33e-05,0,0,0,0,0,0,0.14731,0,0,8.1e-05,0,0.00012379,0.0152,0,0.00077173,0,0,0,0,0,0.00049771,0,0,0,1.15e-05,0,0.00063364,0.14091,0.19366,0,0,0,0,0,0,0,0,0.00022708,0,0,0,0,0,0,0,0,0,0,0,0,0,0,0,0,0,5.24e-05,0,0,3.83e-05,0,0,0,0.00010982,0,0,0,0,0,0,4.67e-05,0,0,0,0,0,0,0.0074668,0,0,0,0,0,0,0.00041029,0,0,0,0,0,0,0,0,0,0,0,0,0
0,0.034692,0.026374,0,0,0,0,0,0,0,0,0,0.0002968,1.27e-05,0,0,0,0,3.67e-05,0,0,0,0,0,0.069683,0,0,0,0,0,0,0.00020822,0,0,0,0,0,0,0,0,0,0,0,0,0,0,0.00028192,0.0078559,0,0,0,0,0,0,0,0,7.57e-05,0,0,0,0,0,0,0,0,0,0,0,0,0,0,0,0,0,0,0,0,0,0,0,0,0,0,0,0,0,0,0,0,0,0,0,0,0,0,0.0011501,0,0,0,0,0,0,0.00026561,0,0,0,0,0,0,0,0,0,0,0,0,0
0,6.08e-05,4.43e-05,0,0,0,0,0,0,0,0,0,0.0001484,0.00016756,0,0,0,0,0,0,0,0,0,0,0,0,0,0,3.34e-05,0,8.25e-05,0,0,0.00013098,0,0,0,0,0,0,0,0,0,2.29e-05,0,0,0.00080224,0.00017654,0,0.00056425,0,0,0,0,9.84e-05,0.00022331,9.55e-05,0,0,0,0.00027642,0,0,0,0,0,0,0,0,0,0,0,0,0,0.00024274,0,0,0.00042116,0.00099948,0.00036017,0.00018594,0.00087854,0,0,0,0,0,0,0.00023371,0,0,0,0,0,0,0.005337,0.0022111,0,0,0,0,0,0.002428,0,0,0,0,0,0,0,4.33e-05,0.00014762,0,0,0,0
0,0.0054107,0.0038499,0,0,0,0,0,0,0,0,0,8.9e-05,6.76e-05,0,0,0,0,0,0,0,0,0,0,0.0021441,0.00093579,0,0,6.68e-05,0.00061843,0.0014442,0,0,0.00022957,0,0,0,0,0,0.00033178,0,0,0,4.58e-05,0,0.00010313,0.00059667,0.00026481,0,0.00064329,0,0,0,0,0.00035411,0,0.00026264,0,0,0,0.001529,0,0,0,0,0,0,0,0,0,0,6.44e-05,0,0,0.0019576,0,0,0.0003063,0.0004754,0.0010644,3.1e-05,0.0090051,0,0,0,0,0,0,0.0011027,0,0,0,0,0,0,0.023829,0.018057,0,0,0,0,0,0.0051808,0,0,0,6.71e-05,0.0002338,0,0,0.0014104,0.00081193,0.00018982,0,0,0
0.12243,0,0,0,0,0,0,0,0,0,0,0,0.00017808,0.0017347,0.20468,0,0,0,0.039207,0,0,0,0,0,0,0,0,0,0,0.21152,0.00016505,0,0,3.81e-05,0,0,0.14834,0.20816,0.0070129,0.00031472,0.0068176,0.10342,0,0.0053691,0,0.00021379,0.0010646,0,0,2.05e-05,0,0,0,0,0.00031476,0,0,0,0,0,0,0,0,0,0,0,0,0,0,0,0,0,0,0,0,0.32204,4.01e-05,0.053067,0.0005637,0.00063528,0,0.00021964,0,0,0,0,0,0,0.027618,0,0,0,0,0,0,0,0,0,0,0,0,0,6.51e-05,0,0,0,0,0,0,0.00013539,0,0,0,0,0,0
0.23852,0,4.43e-05,0,0,0,0,0,0,0,0,0,0,0.00063563,0.042352,0,0,0,0.011303,0,0,0,0,0,0,0,0,0,0.28657,0,8.25e-05,0,0,5.41e-05,0,0,0.097421,0.010195,0.0048694,0,0.001005,0.034391,0,0.00050422,0,0.0002326,0.00053187,0,0,0,0,0,0,0,0.0013968,0,0,0,0,0,1.95e-05,0,0,0,0,0,0,0,0,0,0,0,0,0,0.00023265,0.087415,0,0.017,0.010147,0.00010808,0.0024482,0,0,0,0,0,0,0,0.052316,0,0,0,0,0,0,0,0,0,0,0,0,0,0,0,0,0,0,0,0,0.00013539,0,0,0,0,0,0
0,0.001396,0.00035401,0,0,0,0,0,0,0.00475,0,0,0.00065295,0.0017546,0,0,0,0,0.00025664,0,0,0,0,0,0,0,0,0,0,0.0015176,0,0,0,0.037678,0,0,0,0.00042481,0,0.0026668,0,0.024529,0,0.021731,0.00028393,0.12971,0.00019447,8.83e-05,0,0.018409,0,0,0,0,0.00015738,0,2.52e-05,0,0,0,0,0,0,0,0,0,0,0,0,0,0.0045977,0.00019306,0,0,0.0002262,0,4.01e-05,0.0024504,0,0.001788,0.00049585,0.00065891,0,0,0,0,0,0,0.00085448,0,0,0,0,0,0,0.00013009,0.0020473,0,0,0,0,0,0.0002253,0,0,0,0.00079717,0.00097052,0,0.0025606,0.0077723,0.0081804,0.0018283,0.0014326,0,0
0,0.10001,0.007567,0,0,0,0,0,0,0,0,0,0.0030072,0.0041264,0,0,0,0,0.0010265,0,0,0,0,0,0,0.00015093,0,0,0,0,8.25e-05,0,0,0.0064375,0,0,0,0,0,0.0054243,0,0.00063613,0,2.29e-05,0.084102,0.00090683,0.010187,0.010063,0,5.58e-05,0,0,0,0,0.00031476,0,0.0038892,0,0,0,0,0,0,0,0,0,0,0,0,0,0,6.44e-05,0,0,0,0,0,0,0,8.06e-05,0.00039176,0.0018669,0,0,0,0,0,0,0.00012113,0,0,0,0,0,0,0.003269,0,0,0,0,0,0,0.0091768,0,0,0,0,0,0,0,0,0,0,0,0,0
0,0.044286,0.0075228,0,0,0,0,0,0,0,0.00059032,0,0.0041923,0.0057731,0,0,0,0,0.0022731,0,0,0,0,0,0,0.00012075,0,0,0,0,0.0020219,0.12467,0,0.07045,0,0,0.00022222,0,0.00026316,0.0091095,0.00090494,0.011599,0,0.0058806,0.066042,0.026238,0.0020528,0.00061788,0,0.0017923,0,0,0,0,0.0013753,0,0.00055238,0,0,0,0,0,0,0,0,0,0,0,0,0,0,0.00057919,0,0,0.0001508,0,0,0,0,0.00054516,0.0039804,0.012409,0,0,0,0,0,0,0.0064166,0,0,0,0,0,0,0.0029065,0,0,0,0,0,0,0.0071044,0,0,0,0,0,0,0,0,0,0,0,0,0
3.19e-05,0.037904,0.0535,0,0,0,0,0,0,0.0013194,0.0011806,0,0.01233,0.0092788,0,0,0,0,0.00010999,0,0,0,0,0,0.00021441,0.00015093,0,0,0,0.00012338,0.16158,0.025586,0,0,0,0,0,0.00042481,0,0.020311,0.00060638,0.023204,0,0.034882,0.033936,0.2518,0.0069013,0.017036,0,0.030554,0,0,0,0,0.0017098,0,0.0013308,0,0,0,0,0,0,0,0,0,0,0,0,0.00061969,0.0038314,0.0014158,0,0,0.0014004,0,0.0014447,0.005858,0.0015236,0.0053012,0.0076229,0.021854,0,0,0,0,0,0,0.0091487,0,0,0,0,0,0,0.021339,0.0042994,0,0,0,0,0,0.0030575,0,0,0,0.0011792,0.00062527,0,0.0018896,0.0080305,0.01254,0.00088817,0.00031671,0,0
3.19e-05,0.010012,0.041729,0,0,0,0,0,0,0.00013194,0.00059032,0,0.0088801,0.0014719,0,0,0,0,0.00021997,0,0,0,0,0,0.00064322,0.00012075,0,0,0,0,0.051331,0.0038995,0,0.10252,0,0,0,0,0,0.007613,0.00043313,0.0053061,0,0.0047219,0.01776,0.036694,0.0065383,0.0054727,0,0.010371,0,0,0,0,1.97e-05,0,0.0016981,0,0,0,0,0,0,0,0,0,0,0,0,0,0,0.0014801,0,0,0.0004754,0,0,0.00072747,0.00059425,0.0017604,0.0029147,0.0015374,0,0,0,0,0,0,0.0003081,0,0,0,0,0,0,0.0092333,0.00012284,0,0,0,0,0,0.00059042,0,0,0,4.51e-05,1.3e-05,0,0,0.0022424,0.00057096,9.49e-05,0,0,0
0,0.019285,0.010045,0,0,0,0,0,0,0.0021111,0,0,0,6.27e-05,0,0,0,0,3.67e-05,0,0,0,0,0,0.0062178,0,0,0,0,7.4e-05,0.04477,0.0024803,0,0.0074083,0,0,0,0,0,0.0019972,0,0.0008018,0,0.0017991,0.0012777,0.0076918,0.010589,0.00070615,0,0.0027356,0,0,0,0,0.00072789,0,0.0011832,0,0,0,2.32e-05,0,0,0,0,0,0,0,0,0,0,0.00012871,0,0,7.54e-05,0,0,0.00045945,0,0.00088321,0,0.0010982,0,0,0,0,0,0,0.00038905,0,0,0,0,0,0,0.0037725,0.0017198,0,0,0,0,0,0.0050783,0,0,0,0,4.62e-06,0,0,0.00071017,0,9.49e-05,0,0,0
0.16477,0,0,0,0,0,0,0,0,0,0.00059032,0,0.0012465,0.0023054,0.24338,0,0,0,0.50453,0,0,0,0,0,0.00021441,0,0,0,0.29423,0.035842,0.00028884,4.16e-05,0,0,0,0,0,0.015293,0.28524,0.0021238,0.14307,0.0094624,0,0.004819,0.0011357,0.00011906,0.00053175,0,0,4.11e-05,0,0,0,0,3.93e-05,0,0,0,0,0,0,0,0,0,0,0,0,0,0,0,0,0,0,0,0,0.20131,4.01e-05,0.0030247,0.0005637,0.00015606,0,0.00010982,0,0,0,0,0,0,0.025044,0,0,0,0,0,0,0,0,0,0,0,0,0,0.00010002,0,0,0,0,0,0,0,0,0,0,0,0,0
0.0015929,0,0,0,0,0,0,0,0,0,0,0,0,0.00025521,0.0005647,0,0,0,0.0050301,0,0,0,0,0,0,0,0,0,0.0014697,0.043908,0.00053641,0,0,0.00018512,0,0,0.0044333,0,0.011714,0.0013627,0.004345,0.11035,0,0.0088015,0,2.54e-05,0.00015601,0,0,8.21e-05,0,0,0,0,1.97e-05,0,0,0,0,0,0,0,0,0,0,0,0,0,0,0,0,0,0,0,0,0,0,0.018608,0,0.00014688,0,0,0,0,0,0,0,0,0.0047587,0,0,0,0,0,0,0,0,0,0,0,0,0,5e-05,0,0,0,0,0,0,0.00014912,0,0,0,0,0,0
0.020963,0,0,0,0,0,0,0,0,0.0009236,0,0,0.0028196,0.014801,0.0014306,0,0,0,0.023128,0,0,0,0,0,0,0,0,0,0.0065931,0.0024975,0.0094079,4.16e-05,0,0.0021774,0,0,0.11079,0.07774,0,0.13572,0.16164,0.032145,0,0.15402,0.0096536,0.010949,0.0014055,0,0,0.0030078,0,0,0,0,0,0,0,0,0,0,0,0,0,0,0,0,0,0,0,0.0011737,0.014559,0.00019306,0,0,7.54e-05,0.0079727,0.0097115,0.017344,0.0028185,0.0025195,0.00092971,0,0,0,0,0,0,0,0.0072128,0,0,0,0,0,0,2.4e-05,0,0,0,0,0,0,0.00016024,0,0,0,0,0,0,0.004252,0.0005562,0.00022143,0,0.00038117,0,0
0.00015929,0.002243,0.0019028,0,0,0,0,0,0,0.0010555,0.0053129,0,0.026471,0.03789,0,0,0,0,0.00040329,0,0,0,0,0,0,0,0,0,6.68e-05,0,0.018898,0.012214,0,0.0077038,0,0,0.0015386,0.00084962,0.072798,0,0.092365,0.0031923,0,0.093668,0.058007,0.027212,0.058584,0.00097096,0,0.0093905,0,0,0,0,0.00011804,0,0.00037712,0,0,0,0,0,0,0,0,0,0,0,0,0.014085,0,0.00045048,0,0,0.0010114,0.00028474,0.0094306,7.66e-05,0.0032758,0.0070291,0.023031,0.00032945,0,0,0,0,0,0,0.00024027,0,0,0,0,0,0,0.00047702,0,0,0,0,0,0,8.01e-05,0,0,0,0,0,0,0.00067696,0.00016014,0.00022143,0,0.00076234,0,0
0.0050973,0,0,0,0,0,0,0,0,0,0,0,0.00035616,0.011116,0.0018823,0,0,0,0.055116,0,0,0,0,0,0,0,0,0,0.010912,0.00043184,0.01275,0.00019977,0,0.00060676,0,0,0.12641,0.026763,0.22797,0.066434,0,0.017791,0,0.012665,0.015346,0.001015,0.071847,8.83e-05,0,0.0018496,0,0,0,0,0,0,0.00017662,0,0,0,1.95e-05,0,0,0,0,0,0,0,0,0,0,0,0,0,0,0.0017084,0,0.0042117,0,0.00022074,3.1e-05,0,0,0,0,0,0,0,0.0024739,0,0,0,0,0,0,7.19e-05,0,0,0,0,0,0,0,0,0,0,0,0,0,0,0,0,0,0,0,0
0.003377,0.00010215,0.00017701,0,0,0,0,0,0,0.0058055,0.00059032,0,8.9e-05,0.00078512,0,0,0,0,0.0092022,0,0,0,0,0,0,0,0,0,0.0073151,0.079277,0.056654,6.25e-05,0,0.02839,0,0,0.0031555,0.29312,0.0036913,0.01196,0.022266,0,0,0.14542,0.00066401,0.05857,0.0024695,0,0,0.010159,0,0,0,0,0.00047214,0,2.52e-05,0,0,0,0,0,0,0,0,0,0,0,0,0,0.0030651,0.00083661,0,0,0.00020967,0,0.00060195,0.066353,0,0.00175,3.1e-05,0.0020865,0,0,0,0,0,0,0.013487,0,0,0,0,0,0,4.34e-05,4.09e-05,0,0,0,0,0,0.00059093,0,0,0,0,6.47e-05,0,0.0038674,0.0016974,0.00095955,0,4.43e-05,0,0
0.0020389,0.00053646,0.00097354,0,0,0,0,0,0,0,0,0,0,1.27e-05,3.76e-05,0,0,0,0.010779,0,0,0,0,0,0,0,0,0,0.0014029,0.0068355,0.017949,0,0,0.0042215,0,0,0.00095787,0.01147,0,0.0013219,0.005471,0.030106,0,0.01618,0.0027064,0.0039846,0.0064173,0,0,0.00072274,0,0,0,0,0,0,0,0,0,0,1.95e-05,0,0,0,0,0,0,0,0,0,0,0,0,0,5.24e-05,0.00028474,0,0.0087296,0,0.00016393,0,0.00010982,0,0,0,0,0,0,0.012707,0,0,0,0,0,0,8.67e-05,0.00024568,0,0,0,0,0,0.00021025,0,0,0,0,3.08e-05,0,0,0.00049677,0,0,0,0,0
0.0015929,1.92e-05,0,0,0,0,0,0,0,0.0038264,0,0,0.00071231,0.0032439,3.76e-05,0,0,0,0.00098988,0,0,0,0,0,0,0,0,0,0.00013361,0.00065393,0.0025583,0.00019977,0,0.0050287,0,0,0.0016438,0.13466,0.0067693,0.030094,0.0099244,0.072366,0,0,0.0034852,0.041464,0.00033355,0,0,0.0032187,0,0,0,0,5.9e-05,0,0,0,0,0,0,0,0,0,0,0,0,0,0,0.0023474,0.0022989,0.00012871,0,0,0.00020687,0.00056948,0.0069024,0.0028716,0.0005637,0.0017503,0.0016425,0.00010982,0,0,0,0,0,0,0.011489,0,0,0,0,0,0,4.34e-05,0,0,0,0,0,0,0.00010002,0,0,0,0,0,0,0.0047269,0.00062617,0.00029525,0.00077801,0.00073011,0,0
3.19e-05,0.016874,0.022391,0,0,0,0,0,0,0,0.012987,0,0.039171,0.028389,0.00011294,0,0,0,0.0047131,0,0,0,0,0,0.0012864,3.02e-05,0,0,0,0,0.00074273,0.17985,0,0.050702,0,0,1.94e-05,0,0.00074136,0.066084,0.013904,0.00078921,0,0.028043,0,0.038094,0.10011,0.091712,0,0.016272,0,0,0,0,0.001513,0,0.0072824,0,0,0,2.32e-05,0,0,0,0,0,0,0,0,0.00079674,0,0.00038613,0,0,0.00046615,0,4.01e-05,7.66e-05,0.0012677,0.0033631,0.023413,0.00065891,0,0,0,0,0,0,0.00035941,0,0,0,0,0,0,0.0026519,0,0,0,0,0,0,0.0026074,0,0,0,0,0,0,0.00013539,0,0.00014762,0,0,0,0
3.19e-05,0.022643,0.0018586,0,0,0,0,0,0,0.002243,0.001771,0,0.0060874,0.015989,0,0,0,0,0.00047661,0,0,0,0,0,0,3.02e-05,0,0,0,2.47e-05,0.093377,0.035896,0,0.26712,0,0,0,0.0072217,0.00011913,0.034823,0.011426,0.05446,0,0.058006,0.18342,0,0.0050739,0.00052961,0,0.046114,0,0,0,0,0.019569,0,0.0078766,0,0,0,0,0,0,0,0,0,0,0,0,0.0017705,0.017625,0.0088165,0,0,0.00060321,0.00028474,0.0076247,0.0094571,0.0018496,0.0039055,0.0048758,0.0087854,0,0,0,0,0,0,0.0041368,0,0,0,0,0,0,0.00076573,0,0,0,0,0,0,0.010112,0,0,0,0.0007761,0.00058427,0,0.0087396,0.0097218,0.032513,0.0077812,0.0093025,0,0
0,0.0073469,0.024029,0,0,0,0,0,0,0,0,0,0.0046331,0.010967,0,0,0,0,0.0013932,0,0,0,0,0,0.24078,0.00030187,0,0,8.1e-05,0.00071563,0.0065608,0.048615,0,0.0099371,0,0,0.0019084,0.00084962,0.0053187,0.098805,0.14621,0.0028767,0,0.029986,0.068068,0.0049376,0,0.29826,0,0.0027794,0,0,0,0,0.0012573,0,0.00068125,0,0,0,0,0,0,0,0,0,0,0,0,0,0,6.44e-05,0,0,0.00012137,0,0,7.66e-05,3.96e-05,0.00069978,0.0018968,0.00087854,0,0,0,0,0,0,0,0,0,0,0,0,0,0.0073931,0,0,0,0,0,0,0.00054577,0,0,0,0,0,0,0,5.34e-05,0.00014762,0,0,0,0
0,0.11233,0.056731,0,0,0,0,0,0,0,0,0,0.0041451,0.0009205,0,0,0,0,0,0,0,0,0,0,0.25429,0.020406,0,0,0,0,0.00028884,0.10829,0,0.0078961,0,0,0,0,0,0.00086558,8.66e-05,0,0,0.00017189,0.019271,0.00019796,0.12708,0,0,3.53e-05,0,0,0,0,1.97e-05,0,0.0030872,0,0,0,4.27e-05,0,0,0,0,0,0,0,0,0,0,0,0,0,0.00010483,0,0,0,0,9.18e-06,2.3e-05,0.00054909,0,0,0,0,0,0,0,0,0,0,0,0,0,0.0089411,0,0,0,0,0,0,0.0024492,0,0,0,0,0,0,0,0,0,0,0,0,0
0,4.49e-05,8.85e-05,0,0,0,0,0,0,0,0,0,2.97e-05,0,0,0,0,0,0,0,0,0,0,0,0,0,0,0,0,0.00082667,0.00024758,0,0,1.76e-05,0,0,0,0,0,0,4.18e-05,0,0,0,0,0,0.00014825,0,0,4.11e-05,0,0,0,0,3.93e-05,0,2.39e-05,0,0,0,0,0,0,0,0,0,0,0,0,0,0,0,0,0,0,0,0,0.00034459,0,0.00011475,0,0.0015374,0,0,0,0,0,0,0.0020954,0,0,0,0,0,0,9.13e-05,0,0,0,0,0,0,0.00062155,0,0,0,0,0,0,0,0,0,0,0,0,0
0.0003823,2.25e-05,0.00035401,0,0,0,0,0,0,0.0039583,0,0,0.0015137,0.004556,0,0,0,0,0.00021997,0,0,0,0,0,0,0,0,0,0.00030062,0,0.0018981,0,0,0.00068481,0,0,0.00090765,0,0,0.010873,0,0.0038465,0,0.011175,0.00028393,0.0069923,0.00011847,0,0,0,0,0,0,0,0.00072789,0,0,0,0,0,0,0,0,0,0,0,0,0,0,0.0071308,0.0022989,0.0012871,0,0,0.0066347,0,0.010996,0.060418,0.041399,0.022549,0.00052684,0,0,0,0,0,0,0,0.00041471,0,0,0,0,0,0,0.0067456,0,0,0,0,0,0,5e-05,0,0,0,0.00031621,7.35e-05,0,0.0075405,0.0067652,7.38e-05,0.00061243,0.0018039,0,0
0,0,0,0,0,0,0,0,0,0,0,0,0,0,0,0,0,0,0,0,0,0,0,0,0,0,0,0,0,0,0,0,0,0,0,0,0,0,0,0,0,0,0,0,0,0,0,0,0,0,0,0,0,0,0,0,0,0,0,0,0,0,0,0,0,0,0,0,0,0,0,0,0,0,0,0,4.01e-05,0,0,0,0,0,0,0,0,0,0,0,0,0,0,0,0,0,0,0,0,0,0,0,0,0,0,0,0,0,0,0,0,0,0,0,0,0,0,0
9.56e-05,0.000535,0,0,0,0,0,0,0,0,0,0,0.0001484,0.0015035,3.76e-05,0,0,0,0,0,0,0,0,0,0,0,0,0,0,0,0,0.0019766,0,0,0,0,0,0,0,0.00024927,0,0.00024187,0,0,0.0015616,9.73e-05,0,0,0,0,0,0,0,0,0.13977,0.085529,0.12973,0,0,0,0.089122,0,0,0,0,0,0,0,0,0.0011737,0,0,0,0,0.0021491,0,0,0,0.00035655,0.00092574,0,0.00054909,0,0,0,0,0,0,0.001449,0,0,0,0,0,0,0,0,0,0,0,0,0,0.084814,0,0,0,0.00028549,0,0,0,0,0.00059049,0,0,0,0
0,0.0012447,0,0,0,0,0,0,0,0,0,0,0,0,0,0,0,0,0,0,0,0,0,0,0,0,0,0,0,0,0,0,0,0,0,0,0,0,0,0,0,0,0,0,0,0,5.83e-05,0,0,0,0,0.039396,0,0,0.0089226,0.17999,0.074759,0,0,0,0.12708,0,0,0,0,0,0,0,0,0,0,0,0,0,0,0,0,0,0,0,2.3e-05,0.00098836,0,0,0,0,0,0,0,0,0,0,0,0,0,7.19e-05,0,0,0,0,0,0,0.0074412,0,0,0,0,0,0,0,0,0,0,0,0,0
0,0.0042042,0,0,0,0,0,0,0,0,0,0,8.9e-05,0.00094863,0,0,0,0,0,0,0,0,0,0,0,0,0,0,0,0,0.00012379,0.0060879,0,0.0011513,0,0,0,0,0,0.00031349,0,6.36e-05,0,0,0.001903,0.00025487,0.00045057,0,0,0,0,0.14708,0,0,0.058643,0.027914,0.040648,0,0,0,0.010896,0,0,0,0,0,0,0,0,0,0,0.00077225,0,0,0.00049473,0,0,0,3.96e-05,0.001113,0,0,0,0,0,0,0,0,0,0,0,0,0,0,0,0.001165,8.19e-05,0,0,0,0,0,0.047906,0,0,0,0.00031793,0,0,0,0,0.00014762,0,0,0,0
0.0019115,0.0021315,0,0,0,0,0,0,0,0,0,0,0.0005936,0.0071619,0.00071528,0,0,0,0,0,0,0,0,0,0,0,0,0,0.00049111,0.0025971,8.25e-05,0.0017394,0,8.8e-06,0,0,7.79e-05,0.00084962,0,0.00094132,0,0.0015956,0,0.00081967,0.0035033,9.67e-05,0,8.83e-05,0,0.00064599,0,0.045962,0,0,0,0.0033497,0.060035,0,0,0,0.029409,0,0,0,0,0,0,0,0,0,0.00076628,0,0,0,0.0080721,0.00056948,0,0.00034459,0.0014353,0.0095648,4.61e-05,0.00054909,0,0,0,0,0,0,0.00055294,0,0,0,0,0,0,0.00024534,4.09e-05,0,0,0,0,0,0.072161,0,0,0,0.00046039,0,0,0,0,0.00023953,8.59e-05,0,0,0
0,0.013326,0.00053102,0,0,0,0,0,0,0,0,0,8.9e-05,0.00046372,0,0,0,0,0,0,0,0,0,0,0,0.00036224,0,0,0,0,0.00024758,0.013266,0,0.00019544,0,0,0,0,0,0.00074006,0,3.18e-05,0,0,0.0090857,0.0004387,0.0023679,0,0,0.0001058,0,0.10571,0,0,0.094622,0,0.13234,0,0,0,0.11747,0,0,0,0,0,0,0,0,0.0046948,0,6.44e-05,0,0,0.00044232,0,0,0,0,0.00042089,0,0.01812,0,0,0,0,0,0,5.53e-05,0,0,0,0,0,0,0.0089445,4.09e-05,0,0,0,0,0,0.079318,0,0,0,7.7e-05,0,0,0,0,4.6e-05,0,0,0,0
0,0.0012788,0,0,0,0,0,0,0,0,0,0,0,0.00012192,0,0,0,0,0,0,0,0,0,0,0,0,0,0,0,0,0,0.003716,0,0,0,0,0,0,0,0.00028615,0,3.18e-05,0,0,0.0016649,0,0.0005054,0,0,0,0,0.42351,0,0,0.024064,0.2251,0,0,0,0,0.076238,0,0,0,0,0,0,0,0,0.0011737,0,0,0,0,5.24e-05,0,0,0,0,0.00023014,0,0.00032945,0,0,0,0,0,0,0,0,0,0,0,0,0,0.00016773,0,0,0,0,0,0,0.033282,0,0,0,0.00020905,0,0,0,0,0,0.00036753,0,0,0
9.56e-05,0.00013983,0,0,0,0,0,0,0,0,0,0,0,0,0,0,0,0,0,0,0,0,0,0,0,0,0,0,0,0,0,0,0,0,0,0,0,0,0,0,0,0,0,0,0,0,0,0,0,0,0,0.06566,0,0,0.025779,0.11903,0.062754,0,0,0,0.08203,0,0,0,0,0,0,0,0,0,0,0,0,0,0,0,0,0,0.0011274,9.18e-06,0,0.00021964,0,0,0,0,0,0,0,0,0,0,0,0,0,0,0,0,0,0,0,0,0.013036,0,0,0,1.1e-05,0,0,0,0,0,0,0,0,0
0,0.00010952,0,0,0,0,0,0,0,0,0,0,0,1.05e-05,0,0,0,0,0,0,0,0,0,0,0,0,0,0,0,0,0,0,0,0,0,0,0,0,0,0,0,0,0,0,0,0,0,0,0,0,0,0.010506,0,0,0.026759,0.013845,0.038087,0,0,0,0.013926,0,0,0,0,0,0,0,0,0,0,0,0,0,0,0,0,0,0,1.38e-05,0,0,0,0,0,0,0,0,4.67e-05,0,0,0,0,0,0,9.58e-05,0,0,0,0,0,0,0.025159,0,0,0,0,0,0,0,0,0,0,0,0,0
0,0.0085868,0.00013275,0,0,0,0,0,0,0,0,0,0,2.04e-05,0,0,0,0,0,0,0,0,0,0,0,9.06e-05,0,0,0,0,0,2.08e-05,0,0,0,0,0,0,0,1.4e-05,0,0,0,0,0.00014197,9.36e-05,0.00013839,0,0,0,0,0.003283,0,0,0.0015935,0.080616,0.016284,0,0,0,0.088257,0,0,0,0,0,0,0,0,0,0,0,0,0,0,0,0,0,0,5.51e-05,0,0.0098836,0,0,0,0,0,0,0,0,0,0,0,0,0,0.026357,0.00012284,0,0,0,0,0,0.020465,0,0,0,0,0,0,0,0,0,0,0,0,0
0,0.0001582,8.85e-05,0,0,0,0,0,0,0,0,0,0,0,0,0,0,0,0,0,0,0,0,0,0,0,0,0,0,0,0,0,0,0,0,0,0,0,0,0,0,0,0,0,0,0,0,0,0,0,0,0.031517,0,0,0.00013771,0.096025,0.00060149,0,0,0,0,0,0,0,0,0,0,0,0,0,0,0,0,0,0,0,0,0,0,0,0,0.00010982,0,0,0,0,0,0,9.35e-05,0,0,0,0,0,0,0,0,0,0,0,0,0,0.0035298,0,0,0,0,0,0,0,0,0,0,0,0,0
0,0.00034158,8.85e-05,0,0,0,0,0,0,0,0,0,0,0,0,0,0,0,0,0,0,0,0,0,0,0,0,0,0,0,0,0,0,0,0,0,0,0,0,0,0,0,0,0,0,0,0,0,0,0,0,0.0013132,0,0,7.87e-05,0.023001,0.0045587,0,0,0,0.072502,0,0,0,0,0,0,0,0,0,0,0,0,0,0,0,0,0,0,0,0,0.001208,0,0,0,0,0,0,0,0,0,0,0,0,0,0.00086261,0,0,0,0,0,0,0.00066186,0,0,0,0,0,0,0,0,0,0,0,0,0
0,0.00030422,4.43e-05,0,0,0,0,0,0,0,0,0,0,0,0,0,0,0,0,0,0,0,0,0,0,0,0,0,0,0,0,0,0,0,0,0,0,0,0,1.4e-05,0,0,0,0,0,0,0,0,0,0,0,0.003283,0,0,0.00015738,0.020992,0.00047127,0,0,0,0.022403,0,0,0,0,0,0,0,0,0,0,0,0,0,0,0,0,0,0,0,0,0,0,0,0,0,0,0,0,0,0,0,0,0,0,2.4e-05,0,0,0,0,0,0,0.0020632,0,0,0,0,0,0,0,0,0,0,0,0,0
0.00089203,0.00017974,0.00026551,0,0,0,0,0,0,0,0,0,0,1.27e-05,0.00033882,0,0,0,0.0016865,0,0,0,0,0,0,3.02e-05,0,0,0.00080166,0.00043184,0.00024758,0,0,0.00010297,0,0,0.00033866,0,0.00040519,2.79e-05,0.00014453,0.00017825,0,1.15e-05,0.00038724,7.18e-05,0.0002725,0,0,6.16e-05,0,0,0,0,0.002164,0,0.0016298,0,0,0,0.0014084,0,0,0,0,0,0,0,0,0,0,0,0,0,0,0,0,0.00084233,0,0.00039014,0,0.013508,0,0,0,0,0,0,0.013545,0,0,0,0,0,0,0.00062873,0.00016379,0,0,0,0,0,0.014268,0,0,0,0,0,0,0,0,0,0,0,0,0
0,0.00058907,4.43e-05,0,0,0,0,0,0,0,0,0,0.00064644,0.00018303,0,0,0,0,0,0,0,0,0,0,0,9.06e-05,0,0,0,0,0,4.16e-05,0,0.00013098,0,0,0,0,0,4.19e-05,0,0,0,1.15e-05,0.00038724,0,0.00086953,0.0012358,0,0.0013754,0,0,0,0,3.93e-05,0.00022331,0.00035324,0,0,0,8.54e-05,0,0,0,0,0,0,0,0,0,0,6.44e-05,0,0,0,0,0,0,0.00059425,0.00045497,3.1e-05,0.00032945,0,0,0,0,0,0,0.00060765,0,0,0,0,0,0,0.0059203,4.09e-05,0,0,0,0,0,0.003219,0,0,0,0,0,0,0,0,0,0,0,0,0
0,0.018406,0.00070803,0,0,0,0,0,0,0.0040902,0.00059032,0,0.0012632,0.00057086,0,0,0,0,0,0,0,0,0,0,0,0.00012075,0,0,0,0,0.063503,0.0066486,0,0.012732,0,0,0.00029607,0.00042481,0,0.0043274,0,0.0035697,0,0.0050374,0.0020837,0.023296,0.00054462,0.00017654,0,0.049331,0,0.003283,0,0,0.047919,0.0026798,0.012505,0,0,0,0.00036038,0,0,0,0,0,0,0,0,0.00088527,0.0030651,0.0068859,0,0,0.0027781,0,0.00012039,0.00011486,0.0016911,0.01708,8.5e-05,0.14463,0,0,0,0,0,0,8.29e-05,0,0,0,0,0,0,0.036443,0.029973,0,0,0,0,0,0.05602,0,0,0,0.0031925,0.00058533,0,0.0030884,0.043385,0.14503,0.022987,0.00099614,0,0
0.0060531,0.0011485,0.00070803,0,0,0,0,0,0,0,0,0,0,9.52e-05,0.00060234,0,0,0,0.0060859,0,0,0,0,0,0,0,0,0,0.0041263,0.00041438,0.0003301,0,0,0.00041053,0,0,0,0,0.0013367,0.0011083,0.0005105,0.0025898,0,0.0011864,0.0025599,0,0.00018416,8.83e-05,0,3.53e-05,0,0,0,0,0.017901,0.00022331,0.013632,0,0,0,0.00077386,0,0,0,0,0,0,0,0,0,0,0,0,0,0,0.00056948,0,0.0015698,0,0.00035822,0,0.020316,0,0,0,0,0,0,0.042041,0,0,0,0,0,0,0.0022538,4.09e-05,0,0,0,0,0,0.010478,0,0,0,0,0,0,0,2.67e-05,0,0,0,0,0
0,0,0.0016816,0,0,0,0,0,0,0,0,0,0,0,0,0,0,0,0.0010632,0,0,0,0,0,0,0,0,0,8.1e-05,0.015361,0.002517,0,0,0.00097429,0,0,3.89e-05,0,0,0.00054039,0.00017325,0.00022712,0,0.00024065,0,0.00055772,0.0094945,0.00017654,0,2.05e-05,0,0,0,0,0,0,0,0,0,0,3.9e-05,0,0,0,0,0,0,0,0,0,0,0,0,0,0,0,0,0.001991,0,4.32e-05,0,0.00010982,0,0,0,0,0,0,0.00077412,0,0,0,0,0,0,0,0,0,0,0,0,0,0,0,0,0,0,0,0,0,2.67e-05,0,0,0,0,0
0,0.00022842,0.0014603,0,0,0,0,0,0,0,0,0,0,0.00016338,0.00030117,0,0,0,7.33e-05,0,0,0,0,0,0,0,0,0,0,0.00029099,0.00061894,0,0,2.64e-05,0,0,0,0,0,6.98e-05,0,0,0,1.15e-05,0,7.18e-05,8.28e-05,0,0,0,0,0,0,0,0.0055083,0.0040197,0.0039889,0,0,0,0.037534,0,0,0,0,0,0,0,0,0,0,0,0,0,0,0,0,7.66e-05,0,0.00011267,0,0.017461,0,0,0,0,0,0,0.004234,0,0,0,0,0,0,0.0018074,0.00036852,0,0,0,0,0,0.037867,0,0,0,0,0,0,0,0,0,0,0,0,0
0.00012743,0.00022624,0.0033631,0,0,0,0,0,0,0.015174,0.011216,0,0.03817,0.021875,0,0,0,0,3.67e-05,0,0,0,0,0,0,0,0,0,0,0,0.00070146,0.00020822,0,0.0056958,0,0,0.0003545,0,0.00010813,0.049899,0,0.00066794,0,0.032196,0.0033306,0.010576,0.00014203,8.83e-05,0,0.079227,0,0,0,0,0.00082625,0,7.57e-05,0,0,0,0,0,0,0,0,0,0,0,0,0,0,0.0021237,0,0,0.21257,0.00028474,0.016293,0.0024504,0.022859,0.10805,0.081399,0,0,0,0,0,0,0,0,0,0,0,0,0,0,0.013937,0,0,0,0,0,0,0.0012503,0,0,0,0.0060376,0.0067371,0,0.11361,0.0056687,0.0033364,0.0073708,0.0035734,0,0
0,0,0,0,0,0,0,0,0,0.033514,0.00059032,0,0.0055609,0.0063491,0,0,0,0,0,0,0,0,0,0,0,0,0,0,0,0,0.002352,0,0,0.00044707,0,0,5.84e-05,0.00042481,0,0.014805,0,0.00048197,0,0.00848,0.00049056,0.029674,1.94e-05,0,0,0.032449,0,0,0,0,3.93e-05,0,4.78e-05,0,0,0,0,0,0,0,0,0,0,0,0,0.059762,0,0,0,0,0.01602,0,0.13102,7.66e-05,0.0009508,0.013605,0.038195,0,0,0,0,0,0,0,0,0,0,0,0,0,0,4.34e-05,0,0,0,0,0,0,0,0,0,0,0.0019949,0.00070593,0,0.064244,0.0068357,0.012964,0.0065477,0.062531,0,0
0.0015292,0.0027673,0.00017701,0,0,0,0,0,0,0.0025069,0.001771,0,0.0038815,0.0070961,0.00011294,0,0,0,0.00021997,0,0,0,0,0,0,0,0,0,0.00010021,0,0.0065195,0.0026136,0,0.0033187,0,0,0.00054894,0.00084962,0,0.0033409,0,0.0052768,0,0.0025615,0.0018501,0.013395,0.00011279,8.83e-05,0,0.0063522,0,0.060407,0,0,0.051108,0.0037963,0.033412,0,0,0,0.0057268,0,0,0,0,0,0,0,0,0.013682,0.0068966,0,0,0,0.093719,0,0.0033308,0.0021058,0.037626,0.080949,0.001428,0.051065,0,0,0,0,0,0,0.001805,0,0,0,0,0,0,0.005953,0.00012284,0,0,0,0,0,0.074627,0,0,0,0.011342,0.0037349,0,0.0083254,0.0061132,0.11724,0.31221,0.0041971,0,0
0,0.0034457,0.0065935,0,0,0,0,0,0,0,0.00059032,0,0,2.46e-05,0,0,0,0,0.00014665,0,0,0,0,0,0.00042882,0.00051318,0,0,0,3.7e-05,0.0035486,2.08e-05,0,0.00019763,0,0,0,0,0,0,0,0,0,0.00012605,0,0.00037453,0.0047476,0,0,4.11e-05,0,0,0,0,3.93e-05,0.00089326,0.00049785,0,0,0,9.29e-05,0,0,0,0,0,0,0,0,0,0,0,0,0,0,0,0,3.83e-05,0,9.44e-05,0,0.008456,0,0,0,0,0,0,0.00055891,0,0,0,0,0,0,0.0029543,0,0,0,0,0,0,0.0051063,0,0,0,0,0,0,0,8.01e-05,0,0,0,0,0
0,0.0047743,0.011328,0,0,0,0,0,0,0,0,0,0,5.63e-05,0,0,0,0,0,0,0,0,0,0,0.018654,0.0022036,0,0,0,0.00037015,0.003301,0.00016658,0,0.00080159,0,0,0,0,0,0.00028301,0,3.18e-05,0,0.00067611,0.00024528,0.00059089,0.0062393,0.00017654,0,9.69e-05,0,0,0,0,0.0002164,0,2.39e-05,0,0,0,8.54e-05,0,0,0,0,0,0,0,0,0,0,0,0,0,0,0,0,0.00049774,0,2.67e-05,0,0.0017571,0,0,0,0,0,0,0.00035941,0,0,0,0,0,0,0.00056375,8.19e-05,0,0,0,0,0,0.0019404,0,0,0,0,0,0,0,1.35e-05,0,0,0,0,0
0,0.00012767,0.0017258,0,0,0,0,0,0,0.011215,0.01889,0,0.020259,0.0083626,0,0,0,0,0,0,0,0,0,0,0,0,0,0,0,0,0.0014029,0.00081206,0,0.0041947,0,0,1.94e-05,0,0,0.014423,0,0.00089722,0,0.014212,0.00014197,0.010434,9.19e-05,0.001324,0,0.046532,0,0,0,0,0.0014361,0,4.91e-05,0,0,0,0,0,0,0,0,0,0,0,0,0.17215,0.0015326,0.18418,0,0,0,0.00028474,0.0048156,0.007849,0.07414,0.16995,0.016672,0,0,0,0,0,0,0,5.53e-05,0,0,0,0,0,0,0.0036666,0,0,0,0,0,0,0.0014003,0,0,0,0.0078727,0.0072365,0,0.018803,0.050368,0.00039547,0.006291,0.0099134,0,0
0.16541,0,4.43e-05,0,0,0,0,0,0,0.00052777,0,0,0.016561,0.050059,0.060912,0,0,0,0.029775,0,0,0,0,0,0,0,0,0,0.099401,0.012999,0.011388,2.08e-05,0,0.00084013,0,0,0.18621,0.03271,0.20126,0.034704,0.03104,0.036169,0,0.059284,0.002735,0.014325,7.09e-06,0,0,0.078335,0,0,0,0,0.0014951,0,0,0,0,0,0,0,0,0,0,0,0,0,0,0.0024359,0.094253,0.0043761,0,0,0.0053473,0,0.23492,0.20561,0.14188,0.017181,0,0.00010982,0,0,0,0,0,0,0.075367,0,0,0,0,0,0,0.0014744,4.09e-05,0,0,0,0,0,6.51e-05,0,0,0,7.64e-05,2.58e-05,0,0.0030354,0.00305,0.0021196,0.0048767,0.034394,0,0
0.0015929,0,0,0,0,0,0,0,0,0.0019792,0,0,0.02071,0.040638,0,0,0,0,3.67e-05,0,0,0,0,0,0,0,0,0,0.00028144,0,8.25e-05,0,0,0.00028836,0,0,0.0065579,0.0029737,0.0082796,0.0089226,0.0010048,0.0027679,0,0.021953,0.0012507,0.0037475,4.07e-05,0,0,0.0010808,0,0,0,0,0,0,4.91e-05,0,0,0,0,0,0,0,0,0,0,0,0,0,0.23985,0.0014801,0,0,0.00075681,0.0031321,0,0.00019144,0.010454,0.0022098,0.00015495,0.00010982,0,0,0,0,0,0,0.00059969,0,0,0,0,0,0,0,0,0,0,0,0,0,5e-05,0,0,0,0.00023919,0.00039057,0,0.0059707,0.0013576,0.001575,0.0049335,0.03284,0,0
0.061136,0,0,0,0,0,0,0,0,0,0,0,0.00023744,0.0014132,0,0,0,0,0.0052712,0,0,0,0,0,0,0,0,0,0.023262,0.012699,0.00078399,0,0,0.0027768,0,0,0.0064174,0.029312,0.0039828,0.0028974,0.0008382,0.099097,0,0.03199,0.0023263,0.0028736,0,0,0,0.022416,0,0,0,0,0.0021246,0,2.39e-05,0,0,0,2.32e-05,0,0,0,0,0,0,0,0,0,0.0061303,0.0023811,0,0,0.0019394,0.00056948,0.00012039,0,0.062476,0.0067111,0,0.00032945,0,0,0,0,0,0,0.068982,0,0,0,0,0,0,0.0025152,0,0,0,0,0,0,9.03e-05,0,0,0,5.44e-05,0,0,0,0.0005338,0.00022143,0.00026673,0,0,0
0.041256,4.49e-05,0.00048677,0,0,0,0,0,0,0.00013194,0,0,0.0054611,0.029923,0.010692,0,0,0,0.0037307,0,0,0,0,0,0,0,0,0,0.015691,0.001931,0.0009903,0,0,0.010446,0,0,0.011114,0.0016992,0.0087807,0.0098368,0.0026299,0.026851,0,0.03305,0.012655,0.0049013,0.00047979,0.00061788,0,0.15428,0,0,0,0,0.033333,0,0.0062352,0,0,0,0.00015581,0,0,0,0,0,0,0,0,0.014085,0.0061303,0.038355,0,0,0.034405,0.018793,0.0062603,0.21682,0,0.086363,0.00015495,0.020975,0,0,0,0,0,0,0.090549,0,0,0,0,0,0,0.0079643,4.09e-05,0,0,0,0,0,0.0041056,0,0,0,0.00097757,9.86e-05,0,0.0024939,0.00050711,0.0063822,0.016712,0.0054947,0,0
0.0025805,0.00024715,0.0016816,0,0,0,0,0,0,0.0051458,0.0023613,0,0.01196,0.02377,0,0,0,0,0.0017598,0,0,0,0,0,0,0,0,0,0.00061546,0,0.00016505,0.00049128,0,0.0084905,0,0,0.0011454,0,0.00010813,0.016654,0.00024728,0.0017116,0,0.024513,0.0065042,0.0057625,0.0001535,0.0017654,0,0.092947,0,0,0,0,0.0077904,0,0.0020685,0,0,0,0,0,0,0,0,0,0,0,0,0.11307,0,0.31302,0,0,0.079787,0,0.0035314,0.0028716,0.13483,0,0.023692,0.0026356,0,0,0,0,0,0,0.0025732,0,0,0,0,0,0,0.021687,8.19e-05,0,0,0,0,0,0.0015421,0,0,0,0.0020461,0.00099248,0,0.010923,0.0046054,0.0010222,0.010419,0.0009328,0,0
0,6.74e-05,0.00017701,0,0,0,0,0,0,0,0.18005,0,0.058051,0.12127,0,0,0,0,0,0,0,0,0,0,0,0,0,0,0,0,8.25e-05,0.0039145,0,0.0014154,0,0,5.84e-05,0,0.00058588,0.034451,0,0.0018004,0,0.011168,0.012683,0.0072882,0.0016139,0.00017654,0,0.010222,0,0,0,0,0.0010427,0,0.00045417,0,0,0,0,0,0,0,0,0,0,0,0,0.039481,0,0.0030246,0,0,0.0048227,0,0.017818,0,0.0024166,0.0092071,0,0,0,0,0,0,0,0,0,0,0,0,0,0,0,0.00028871,0,0,0,0,0,0,0.0023505,0,0,0,7.64e-05,0.00047824,0,0.0050701,0,0.00013785,0.0028828,0,0,0
9.56e-05,0.013093,0.0095584,0,0,0,0,0,0,0,0.00059032,0,0.00032648,0.00042348,0,0,0,0,3.67e-05,0,0,0,0,0,0,0.00021131,0,0,0,1.23e-05,0.020879,0.0023396,0,0.0054638,0,0,0,0,0,0.0030144,0,0.0021296,0,0.0032153,0.0020837,0.0092813,0.0020306,0.00052961,0,0.013988,0,0.003283,0,0,0.015264,0,0.003382,0,0,0,0.00042328,0,0,0,0,0,0,0,0,0.00035411,0,0.00038613,0,0,0.0060279,0,0,0.00019144,3.96e-05,0.0074097,6.2e-05,0,0,0,0,0,0,0,0.0057178,0,0,0,0,0,0,0.1405,0.00045041,0,0,0,0,0,0.029715,0,0,0,0.0006918,8.98e-05,0,0.00027078,0.0014608,0.057736,0.0012287,0,0,0
0,0.00097352,0,0,0,0,0,0,0,0,0,0,0,0,0,0,0,0,0,0,0,0,0,0,0,0,0,0,0,0,0,0,0,0,0,0,0,0,0,0,0,0,0,0,0,0,0,0,0,0,0,0,0,0,7.87e-05,0.0020098,0.001397,0,0,0,0.033679,0,0,0,0,0,0,0,0,0,0,0,0,0,0,0,0,0,0,0,0,0.00021964,0,0,0,0,0,0,0,0,0,0,0,0,0,0.00050319,0,0,0,0,0,0,0.0018608,0,0,0,0,0,0,0,0,0,0,0,0,0
0,0.0015273,0.00048677,0,0,0,0,0,0,0,0,0,0,0,0,0,0,0,0,0,0,0,0,0,0,0.00039243,0,0,0,0,0,0,0,0,0,0,0,0,0,0,0,0,0,0,0,0,1.42e-05,0,0,0,0,0,0,0,0.0002164,0.00044663,0.00062484,0,0,0,0.012149,0,0,0,0,0,0,0,0,0,0,0,0,0,0,0,0,0.00022973,0,0,2.3e-05,0.00010982,0,0,0,0,0,0,4.67e-05,0,0,0,0,0,0,0.00085349,0,0,0,0,0,0,0.0019016,0,0,0,0,0,0,0,0,0,0,0,0,0
0,0.00021305,0.00048677,0,0,0,0,0,0,0,0,0,0,0,0,0,0,0,0,0,0,0,0,0,0.00042882,3.02e-05,0,0,0,0,0.00016505,0,0,3.61e-05,0,0,0,0,0,0,0,0,0,1.15e-05,0,0,0.0031097,0,0,0,0,0,0,0,0,0,0,0,0,0,1.95e-05,0,0,0,0,0,0,0,0,0,0,0,0,0,0,0,0,0,0.0005637,0,0,0.00076872,0,0,0,0,0,0,0,0,0,0,0,0,0,6.73e-05,0,0,0,0,0,0,0,0,0,0,0,0,0,0,0,0,0,0,0,0
0.00025487,0.00087873,0.0063722,0,0,0,0,0,0,0,0,0,0,6.13e-05,0,0,0,0,0.002933,0,0,0,0,0,0,0,0,0,0.0044759,0.011072,0.019476,6.25e-05,0,0.0031345,0,0,0.00040842,0.0012744,0.00062145,0.0039934,0.0028029,0.012577,0,0.0031459,0,0.0016674,0.023821,8.83e-05,0,0.0021554,0,0,0,0,0.00076723,0,0,0,0,0,0.00010113,0,0,0,0,0,0,0,0,0,0,0.00012871,0,0,5.24e-05,0,0,0.0084999,0.0028977,0.0002865,0,0.0041731,0,0,0,0,0,0,0.012183,0,0,0,0,0,0,0.00056375,0.00020473,0,0,0,0,0,0.00036129,0,0,0,0,0,0,0,2.67e-05,0,0,0,0,0
0,0.002125,0.0015488,0,0,0,0,0,0,0,0.0070838,0,0.0036376,0.0041979,0,0,0,0,0,0,0,0,0,0,0.0019297,0.001781,0,0,0,0,0,0.0034688,0,0.00035922,0,0,0,0,0,0.00078416,0,3.18e-05,0,0,0.0016578,4.42e-05,0.0038505,0.00070615,0,0.00011741,0,0,0,0,0.00070821,0,0.0053575,0,0,0,0,0,0,0,0,0,0,0,0,0.0011737,0,0.0073364,0,0,0.0016479,0.00028474,0,0,0,0.0035193,0.010701,0,0,0,0,0,0,0,0,0,0,0,0,0,0,0.00071884,0,0,0,0,0,0,0.017299,0,0,0,0,1.3e-05,0,7.46e-05,8.66e-05,0,0.010754,0.00019059,0,0
0.0091433,0.00027737,0,0,0,0,0,0,0,0,0,0,0,0.00078586,0.0042164,0,0,0,0.006811,0,0,0,0,0,0,0,0,0,0.0041114,0.0023432,0,0,0,0,0,0,0.0021354,0.00084962,0.00058389,0.00012106,8.66e-05,0.0013714,0,0.00050422,0.0022256,1.47e-05,1.94e-05,0,0,0,0,0.0013132,0,0,0.066879,0,0.081598,0,0,0,0.0044673,0,0,0,0,0,0,0,0,0,0,0,0,0,0.0003145,0.017084,0,0.00053603,0.0028581,0.0011072,0,0.0068087,0,0,0,0,0,0,0.030507,0,0,0,0,0,0,0,0,0,0,0,0,0,0.017776,0,0,0,5.44e-05,0,0,0,0,0,0,0,0,0
0.069419,9.58e-05,8.85e-05,0,0,0,0,0,0,0,0,0,0.0001484,0.0043344,0.0013176,0,0,0,0.0033729,0,0,0,0,0,0,0,0,0,0.036974,0.0078599,0,0,0,0.00067011,0,0,0.012615,0.0025489,0.0076616,0.0046646,0.0042501,0.056106,0,0.01766,0.0067363,0.00021895,0.0001398,0,0,0.0010692,0,0.0006566,0,0,0.0041885,0,0.00091678,0,0,0,1.95e-05,0,0,0,0,0,0,0,0,0,0,0.00019306,0,0,0.001258,0.0062642,0.00012039,0.025576,0.02075,0.0031145,0,0.0014276,0,0,0,0,0,0,0,0,0,0,0,0,0,0.00030356,4.09e-05,0,0,0,0,0,0.0014345,0,0,0,0.00010888,3.08e-05,0,0,0,7.38e-05,0.00041948,0,0,0
0.056071,6.41e-05,0,0,0,0,0,0,0,0,0,0,2.97e-05,0.0035534,0.012837,0,0,0,0.0067533,0,0,0,0,0,0,6.04e-05,0,0,0.040948,0.012745,0,0,0,4.73e-05,0,0,0.013484,0,0.003398,0.0003903,0.00090588,0.0074959,0,0.00021773,0.0036956,0.00023731,7.09e-06,0,0,2.05e-05,0,0,0,0,0.034015,0,0.0035659,0,0,0,0.00010863,0,0,0,0,0,0,0,0,0,0,0,0,0,5.24e-05,0.036731,0,0.00038288,0.0054298,0.0010582,0,0.0059302,0,0,0,0,0,0,0.075855,0,0,0,0,0,0,0.00026019,0,0,0,0,0,0,0.0034012,0,0,0,8.69e-05,0,0,0,0,0.00059049,4.3e-05,0,0,0
0.00015929,0.00033371,0.00079653,0,0,0,0,0,0,0,0,0,0,2.04e-05,3.76e-05,0,0,0,7.33e-05,0,0,0,0,0,0,0,0,0,0.00053444,0.016304,0.0041675,0,0,0.0013702,0,0,0,0.0012744,0,0.00026545,0.0001284,0.0089842,0,0.00014897,0.00014197,1.07e-05,0.0011697,0,0,6.16e-05,0,0,0,0,0.0006492,0,2.39e-05,0,0,0,0,0,0,0,0,0,0,0,0,0,0,6.44e-05,0,0,0,0,0,0.016732,0,0.0001762,0,0.00032945,0,0,0,0,0,0,0.019032,0,0,0,0,0,0,0.0020382,0,0,0,0,0,0,0.0001957,0,0,0,0,0,0,0,0,0,0,0,0,0
0.0019115,0,8.85e-05,0,0,0,0,0,0,0,0,0,0,8.66e-05,0,0,0,0,0.0016498,0,0,0,0,0,0,0,0,0,0.0091522,0.01416,0.0019806,0,0,0.0010047,0,0,5.84e-05,0.0042481,0,0.00078717,0.00037594,0.030067,0,2.29e-05,0,0,0.00079313,0,0,5.58e-05,0,0,0,0,0.0015935,0,7.57e-05,0,0,0,9.74e-05,0,0,0,0,0,0,0,0,0,0,6.44e-05,0,0,0,0,0,0.026648,0.0067644,0.0004133,0,0.0047222,0,0,0,0,0,0,0.063603,0,0,0,0,0,0,6.73e-05,0,0,0,0,0,0,0.00084302,0,0,0,4.34e-05,0,0,0,0,0,0,0,0,0
0,0.022317,0.0018143,0,0,0,0,0,0,0,0,0,0,0,0,0,0,0,0,0,0,0,0,0,0.0081475,0.0042262,0,0,0,0,0,4.16e-05,0,1.8e-05,0,0,0,0,0,0.00012106,0,0,0,0,0,0,0.00079768,0,0,0,0,0.0019698,0,0,0.00060985,0.013399,0.0080173,0,0,0,0.082048,0,0,0,0,0,0,0,0,0,0,0,0,0,0,0,0,0,0,9.18e-06,2.3e-05,0.002416,0,0,0,0,0,0,0,0,0,0,0,0,0,0.033714,0,0,0,0,0,0,0.0087627,0,0,0,0,0,0,0,0,0,0,0,0,0
0,0.020376,0.018143,0,0,0,0,0,0,0,0,0,0,6.34e-06,0,0,0,0,3.67e-05,0,0,0,0,0,0.019297,0.014761,0,0,0,0,0.0045802,0,0,0.00046419,0,0,5.84e-05,0,0,5.58e-05,0,0,0,0.00081967,0.00014197,9.36e-05,0.0012785,0.0015888,0,0.0020102,0,0,0,0,0.00049182,0.00066994,0.00099164,0,0,0,0.0038507,0,0,0,0,0,0,0,0,0,0,0,0,0,0,0,0,0.00038288,0,0.00010557,0,0.013837,0,0,0,0,0,0,0,0,0,0,0,0,0,0.057078,0.0051593,0,0,0,0,0,0.0088088,0,0,0,0,0,0,0,0.0011891,0.00029525,0,0,0,0
0,0.011527,0.0075228,0,0,0,0,0,0,0.00013194,0,0,0,1.41e-05,0,0,0,0,0,0,0,0,0,0,0.00021441,0.00099617,0,0,0,1.23e-05,0.037508,9.99e-05,0,0.00095404,0,0,0,0,0,0.00026545,0,0.00017825,0,8.02e-05,0,4.28e-05,0.00080248,0.0018537,0,0.0011598,0,0,0,0,0.0018868,0,0.00032123,0,0,0,0.00051764,0,0,0,0,0,0,0,0,8.85e-05,0,0,0,0,0.00028507,0,0,0.0019144,0.0002377,0.00042833,0,0.026246,0,0,0,0,0,0,0,0,0,0,0,0,0,0.084027,0.12382,0,0,0,0,0,0.0043738,0,0,0,0.00034751,9.18e-05,0,0,0.021897,0.010001,4.3e-05,0,0,0
3.19e-05,0.040904,0.027259,0,0,0,0,0,0,0.0042222,0,0,0.00049804,0.00017302,0,0,0,0,0,0,0,0,0,0,0.00021441,0.0033507,0,0,3.34e-05,2.47e-05,0.1183,0.0011573,0,0.0134,0,0,0.00027663,0,0,0.0064823,0,0.0048434,0,0.0083661,0.0032284,0.0089803,0.0029262,0.0063554,0,0.074943,0,0,0,0,0.012138,0.00089326,0.0054331,0,0,0,0.0021883,0,0,0,0,0,0,0,0,0.017466,0.0022989,0.0014801,0,0,0.01242,0,0,0.013937,0.028354,0.039206,0.00011602,0.29233,0,0,0,0,0,0,0.0038571,0,0,0,0,0,0,0,0.23913,0,0,0,0,0,0.050176,0,0,0,0.00037058,0.00090191,0,0.00076525,0.10164,0.060713,0.0019662,0.00042551,0,0
0,2.8e-05,0,0,0,0,0,0,0,0.0081805,0.00059032,0,0.004499,0.00061858,0,0,0,0,0,0,0,0,0,0,0,0,0,0,0,0,0.030864,0,0,0.0016615,0,0,0,0,0,0.00025486,0,0.00083311,0,0.0016218,0,0.0016096,6.87e-06,0,0,0.009461,0,0,0,0,9.84e-05,0,2.39e-05,0,0,0,0,0,0,0,0,0,0,0,0,0.0039837,0,0.0024455,0,0,0.0012911,0,0,0.00042116,0.00027732,0.0039022,0,0,0,0,0,0,0,0,0,0,0,0,0,0,0,0.0088544,0,0,0,0,0,0,0,0,0,0,0.00594,0.0031509,0,0.00048073,0.17995,0.028186,0.0018033,8.87e-05,0,0
0,0.00011496,4.43e-05,0,0,0,0,0,0,0.0072569,0,0,0.00011872,1.41e-05,0,0,0,0,3.67e-05,0,0,0,0,0,0,3.02e-05,0,0,0,0,0.0090365,7.91e-05,0,0.00013098,0,0,0,0,0,0,0,0,0,2.29e-05,0,0,7.53e-05,0,0,0.00052007,0,0,0,0,0.00025574,0,0,0,0,0,1.95e-05,0,0,0,0,0,0,0,0,8.85e-05,0,0.00051483,0,0,0.0016202,0,0,0.00011486,0.006521,0.0038689,0,0.0021964,0,0,0,0,0,0,0.00014023,0,0,0,0,0,0,0.0074997,0.071165,0,0,0,0,0,0.00012528,0,0,0,0.0045201,0.0022197,0,0.0021054,0.0086309,0.0019372,0.00032769,0.00050095,0,0
0,0,0,0,0,0,0,0,0,0.023222,0,0,0.0001484,6.34e-06,0,0,0,0,0,0,0,0,0,0,0,0,0,0,0,0,0.0012379,0,0,0.00039293,0,0,0.00027663,0,0,5.96e-05,0,0,0,0.00034378,0,0.000404,0,0,0,0.0016892,0,0,0,0,0.00019673,0,2.39e-05,0,0,0,0,0,0,0,0,0,0,0,0,0.0053116,0.00076628,0.010297,0,0,0.0038777,0,0,0,0.0086636,0.011916,0.00052684,0,0,0,0,0,0,0,2.76e-05,0,0,0,0,0,0,0.021325,0.07874,0,0,0,0,0,0,0,0,0,0.019991,0.0073871,0,0.0024508,0.010899,0.0010334,0.0018033,0.0018915,0,0
0,0.0027382,0.0016816,0,0,0,0,0,0,0.00079166,0.0088548,0,0.0011077,0.0014851,0,0,0,0,0.00014665,0,0,0,0,0,0,0.00024149,0,0,0,0,4.13e-05,0.00043726,0,0.00038828,0,0,0,0,0,0,0,0,0,0.00025211,0.00028393,0.00032388,0.00086546,0.0026481,0,0.00090219,0,0,0,0,0.0030296,0,0.0039066,0,0,0,0.00044651,0,0,0,0,0,0,0,0,0.018259,0,0.014222,0,0,0.010685,0,4.01e-05,0,0.00087156,0.0068054,0.0053623,0.042829,0,0,0,0,0,0,0.00012113,0,0,0,0,0,0,0.016349,0.00069609,0,0,0,0,0,0.014387,0,0,0,0.0019462,0.00092202,0,0.0019504,0.0023314,0.00088574,0.0011788,0.00027926,0,0
0,8.4e-05,8.85e-05,0,0,0,0,0,0,0.00065972,0,0,0.00023744,5.63e-05,0,0,0,0,0,0,0,0,0,0,0,0,0,0,0,0,0.00037136,0,0,0.00013098,0,0,0,0,0,0,0,0,0,0.00011459,0,0,0.0001089,0.00035308,0,0.0014191,0,0,0,0,0.00070821,0,0.00019101,0,0,0,2.32e-05,0,0,0,0,0,0,0,0,0.00061969,0,0.00038613,0,0,0.0086224,0,0,3.83e-05,0.0087123,0.0050741,0.00015495,0.004832,0,0,0,0,0,0,0.00041869,0,0,0,0,0,0,0.0050814,0.0079437,0,0,0,0,0,0.001129,0,0,0,0.0012974,0.0010849,0,0.00027078,0.0020777,0.00041501,8.59e-05,0,0,0
0,0.00027903,0.00039827,0,0,0,0,0,0,0.0079166,0.0041322,0,0.0015433,0.0005818,0,0,0,0,0,0,0,0,0,0,0,0,0,0,0,0,0,4.16e-05,0,0.000374,0,0,0,0,0,0.00099653,0,0,0,0.00038962,0.00062536,0.00074906,0.00036344,0.0019419,0,0.0014191,0,0,0,0,0.0012,0,0.00078927,0,0,0,9.74e-05,0,0,0,0,0,0,0,0,0.014918,0,0.0059849,0,0,0.015836,0,0,3.83e-05,0.014064,0.01706,0.001068,0.0019767,0,0,0,0,0,0,5.53e-05,0,0,0,0,0,0,0.017561,0.0044632,0,0,0,0,0,0.00094738,0,0,0,0.0074221,0.0040741,0,0.0027078,0.0033155,0.00022143,0.0007593,0.00099726,0,0
0,0.087772,0.018763,0,0,0,0,0,0,0,0,0,0.0012169,0.0022141,0,0,0,0,3.67e-05,0,0,0,0,0,0.0064322,0.014912,0,0,0,0,0.0016918,0.019278,0,0.0021566,0,0,0,0,0.00010813,0.0050514,0,0.00015903,0,0.0018112,0.0096744,0.001631,0.0082892,0.01121,0,0.0022298,0,0.023638,0,0,0.10708,0.07414,0.077895,0,0,0,0.036154,0,0,0,0,0,0,0,0,0.0011737,0,0.00012871,0,0,0.0017463,0,0,0,0,0.0031659,0.00032262,0.15144,0,0,0,0,0,0,0.0016787,0,0,0,0,0,0,0.16149,8.19e-05,0,0,0,0,0,0,0,0,0,0.00036079,0,0,7.46e-05,0.00012335,0.0080209,0.003859,0,0,0
0,0.0049059,0.00084078,0,0,0,0,0,0,0,0,0,0,0,0,0,0,0,0,0,0,0,0,0,0.014365,0.0022036,0,0,0,0,0,0,0,0,0,0,0,0,0,0,0,0,0,0,0,0,0.00059546,0.00026481,0,0,0,0,0,0,0,0,0.0011461,0,0,0,0.016698,0,0,0,0,0,0,0,0,0,0,0,0,0,0,0,0,0.00022973,0,0,0,0,0,0,0,0,0,0,9.35e-05,0,0,0,0,0,0,0.011813,0,0,0,0,0,0,4.52e-05,0,0,0,0,0,0,0,0,0,0,0,0,0
0,0.00035076,0,0,0,0,0,0,0,0,0,0,0,2.04e-05,0,0,0,0,0,0,0,0,0,0,0,0,0,0,0,0,0,0,0,0,0,0,0,0,0,0,0,0,0,0,0,0,0,0,0,0,0,0.003283,0,0,0.0018689,0.0073694,0.017686,0,0,0,0.015294,0,0,0,0,0,0,0,0,0,0,0,0,0,0,0,0,0,0,0,0,0.00065891,0,0,0,0,0,0,0,0,0,0,0,0,0,9.58e-05,0,0,0,0,0,0,0.014239,0,0,0,0,0,0,0,0,0,0,0,0,0
0.0073274,0.00021396,0,0,0,0,0,0,0,0,0,0,0.00092007,0.015784,0.012235,0,0,0,0.003544,0,0,0,0,0,0,3.02e-05,0,0,0.00059132,4.94e-05,8.25e-05,0.0015191,0,0.00099038,0,0,0.0030562,0.00042481,0.00072958,0.0021451,0,0.0034353,0,0.0018739,0.013533,0.00068244,1.94e-05,8.83e-05,0,0.001516,0,0.024951,0,0,0.13164,0.0013399,0.031397,0,0,0,0.013735,0,0,0,0,0,0,0,0,0.0011737,0,0.0077225,0,0,0.024459,0.0025626,0.0024078,0.00042116,0.045475,0.027663,0.000178,0.012739,0,0,0,0,0,0,0.015346,0,0,0,0,0,0,0.00038338,0,0,0,0,0,0,0.038571,0,0,0,0.00029535,3.08e-05,0,7.46e-05,9.35e-05,0.0042847,0.034841,0,0,0
0,0,0,0,0,0,0,0,0,0.0068611,0.031287,0,0.00026712,4.14e-05,0,0,0,0,0,0,0,0,0,0,0,3.02e-05,0,0,0,0,0,2.08e-05,0,0.00065488,0,0,0,0,0,0,0,0,0,0,0.00049056,0.00078075,0.0022936,0,0,0,0,0,0,0,3.93e-05,0,0.00012616,0,0,0,0,0,0,0,0,0,0,0,0,8.85e-05,0,0.0057919,0,0,0.00073383,0,0.00044143,0,0,0.001041,3.1e-05,0,0,0,0,0,0,0,0,0,0,0,0,0,0,0,0.00028663,0,0,0,0,0,0,0,0,0,0,0.60547,0,0.067866,0.0017015,0.096802,0.24847,0.34914,0,0
0,6.38e-05,8.85e-05,0,0,0,0,0,0,0.31627,0.031287,0,0.01429,0.006619,0,0,0,0,0.00035032,0,0,0,0,0,0.004717,3.02e-05,0,0,0,0,0.00070146,0.0003247,0,0.0061466,0,0,0,0,0,0.0014827,0,0.00022265,0,0.00010313,0.001381,0.0091433,3.89e-05,0,0,0.00061383,0,0,0,0,0.00027542,0,0.0017648,0,0,0,0,0,0,0,0,0,0,0,0,0.025105,0.023755,0.036424,0,0,0.010712,0,0.0045347,0,0.0011274,0.012273,0.0019071,0.00021964,0,0,0,0,0,0,0,0,0,0,0,0,0,0.00028298,0.028581,0,0,0,0,0,0.0059512,0,0,0,0.49767,0,0,0.2083,0.052485,0.04239,0.073656,0.18338,0,0
0,0.0002239,0.00075228,0,0,0,0,0,0,0.22035,0.022432,0,0.01625,0.0010591,0,0,0,0,0.00017516,0,0,0,0,0,0,6.04e-05,0,0,0,0,0.0085414,0.00014575,0,0.014605,0,0,0,0,0,0.0027057,0,0.00036909,0,0.00092822,0.00014197,0.015117,3.06e-05,8.83e-05,0,0.0077519,0,0,0,0,0.001023,0,0.00046178,0,0,0,0,0,0,0,0,0,0,0,0,0.08341,0.016092,0.022524,0,0,0.067391,0,0.00036117,7.66e-05,0.00083195,0.014988,0.013069,0.0017571,0,0,0,0,0,0,0,0,0,0,0,0,0,0.0028115,0.18917,0,0,0,0,0,0.0020606,0,0,0,0.089649,0.11561,0,0.085439,0.19781,0.032259,0.017449,0.061802,0,0
0,0,0,0,0,0,0,0,0,0.023354,0.00059032,0,0.0071969,0.0055283,0,0,0,0,0,0,0,0,0,0,0,0,0,0,0,0,0.00045389,0,0,0.0044393,0,0,0,0,0,0.0036122,0,0.0010113,0,0.002544,0,0.015127,3.06e-05,0,0,0.015576,0,0,0,0,5.9e-05,0,0.00014326,0,0,0,0,0,0,0,0,0,0,0,0,0.041076,0.22529,0.0033464,0,0,0.10342,0,0.076488,0,0.0010787,0.01233,0.0097382,0,0,0,0,0,0,0,5.53e-05,0,0,0,0,0,0,0.00026019,0,0,0,0,0,0,0.00010002,0,0,0,0.0047617,0.0095645,0,0,0.0083632,0.0096878,0.0075987,0.035303,0,0
0,0.00029833,0.00048677,0,0,0,0,0,0,0.074812,0.0023613,0,0.0092021,0.0014092,0,0,0,0,0,0,0,0,0,0,0,0,0,0,0,0,0.015473,0.00020822,0,0.017403,0,0,0,0.00042481,0,0.00074995,0,0.00082043,0,0.0018106,0,0.0087472,0.00016011,0.00052961,0,0.018148,0,0,0,0,0.001082,0,0.0010096,0,0,0,0,0,0,0,0,0,0,0,0,0.042119,0.0091954,0.073171,0,0,0.06029,0,0.0018861,0.0025653,0.004574,0.041073,0.0018984,0.0062596,0,0,0,0,0,0,2.76e-05,0,0,0,0,0,0,0.020466,0.18365,0,0,0,0,0,0.00052536,0,0,0,0.032233,0.041558,0,0.019761,0,0.019844,0.014427,0.025148,0,0
0,5.6e-05,0,0,0,0,0,0,0,0.070062,0,0,0.0062537,0.00029446,0,0,0,0,0,0,0,0,0,0,0,0,0,0,0,0,0.032309,0,0,0.0035302,0,0,0,0.00042481,0.00010813,0.00055872,0,0.0022759,0,0.0022865,0,0.022834,7.09e-06,0,0,0.018053,0,0,0,0,0.0014951,0,0.0013371,0,0,0,0,0,0,0,0,0,0,0,0,0.010115,0.016858,0.12987,0,0,0.073195,0,0.0084273,0.011448,0.015388,0.039658,0.00011602,0.00054909,0,0,0,0,0,0,5.53e-05,0,0,0,0,0,0,0.0027366,0.0039718,0,0,0,0,0,0.00043019,0,0,0,0.021323,0.018145,0,0.0078622,0.09713,0,0.051679,0.018144,0,0
0,0,0,0,0,0,0,0,0,0.023618,0,0,0.0043043,0.00017218,0,0,0,0,0,0,0,0,0,0,0,0,0,0,3.34e-05,0,0.0096555,0,0,0.0017027,0,0,0.00029607,0.00042481,0,0.00016753,0,0.00044753,0,0.00050422,0,0.030568,0,0,0,0.00071652,0,0,0,0,0.0048198,0,0.043074,0,0,0,0,0,0,0,0,0,0,0,0,0.0087642,0.019923,0.015316,0,0,0.039209,0,0.043742,0.00026801,0.00092025,0.018485,2.3e-05,0.00043927,0,0,0,0,0,0,0,0,0,0,0,0,0,0.00041425,0.0011465,0,0,0,0,0,0.0026612,0,0,0,0.071043,0.024089,0,0.055952,0.022998,0.24993,0,0.076518,0,0
0,0,0,0,0,0,0,0,0,0.10239,0.030106,0,0.028008,0.0057654,0,0,0,0,0,0,0,0,0,0,0,0,0,0,0,0,0.00094904,0,0,0.011544,0,0,5.84e-05,0.00042481,0,0.00088432,0,0.00025445,0,0.0023842,0,0.032063,0,0,0,0.0097506,0,0,0,0,0,0,0,0,0,0,0,0,0,0,0,0,0,0,0,0.009738,0.15785,0.014094,0,0,0.0099551,0,0.18672,0.00011486,3.96e-05,0.011084,0.016618,0,0,0,0,0,0,0,0,0,0,0,0,0,0,0,0,0,0,0,0,0,0.00010002,0,0,0,0.15235,0.078564,0,0.18227,0.088748,0.01521,0.051796,0,0,0
9.56e-05,0,0,0,0,0,0,0,0,0,0.0011806,0,0.013818,0.042882,0,0,0,0,0,0,0,0,0,0,0,0,0,0,0,0,4.13e-05,0,0,0.00014902,0,0,0.0017061,0.0029737,0.0016492,0.0098326,0.00019577,0.0041667,0,0.0044476,0.00062536,0.00751,0,0,0,0.0048922,0,0,0,0,3.93e-05,0,0,0,0,0,0,0,0,0,0,0,0,0,0,0.00035411,0.098851,0.021108,0,0,0.00036047,0,0.1228,0.00042116,0.011947,0.0065656,0.0017974,0,0,0,0,0,0,0,2.76e-05,0,0,0,0,0,0,0,0,0,0,0,0,0,5e-05,0,0,0,0.00098918,0.0015791,0,0.0095437,0.0010561,7.38e-05,0.0018041,0.037015,0,0
0,0,0,0,0,0,0,0,0,0.0073888,0,0,0.0029383,0.0072625,0,0,0,0,0,0,0,0,0,0,0,0,0,0,3.34e-05,0,0.00082525,0,0,1.76e-05,0,0,0.00027663,0,0.00037129,0.018854,0.00010275,0.00038168,0,0.011288,0,0.0035433,0,0,0,0.012647,0,0,0,0,3.93e-05,0,0,0,0,0,0,0,0,0,0,0,0,0,0,0.024908,0.0091954,0,0,0,0.0067369,0,0.020868,0.0051306,0.0089929,0.017474,0.0044316,0,0,0,0,0,0,0,0,0,0,0,0,0,0,4.34e-05,0,0,0,0,0,0,0,0,0,0,0.00042336,0.00012943,0,0.015379,0.00076392,0.00022976,0.00032769,0.0044589,0,0
